time,raw_bull_score,raw_bear_score,final_score,adx,rel_vol,vix_pine,htf_ema_1_pine,htf_ema_2_pine,htf_ema_3_pine,htf_ema_4_pine,market_close_pine,market_ema_pine,leader_close_pine,leader_ema_pine,volume_score_pine,bull_count_pine,bear_count_pine
2026-05-14 14:40:00+00:00,65.5,38.5,49.41666666666666,28.683133896657463,1.8237070794892187,17.87,299.0008802663145,297.8437510449216,285.32143705954775,270.4329897602381,746.97,745.1478165881674,719.7,717.4853831514848,8,3,1
2026-05-14 14:45:00+00:00,88.75,16.25,53.75,26.82125905084732,1.4279199411864147,17.87,299.0008802663145,297.8437510449216,285.32143705954775,270.4329897602381,747.24,745.3380150801522,720.2,717.7321665013499,6,3,1
2026-05-14 14:50:00+00:00,82.75,16.25,53.75,25.092375265452176,1.3022203187085624,17.87,299.0008802663145,297.8437510449216,285.32143705954775,270.4329897602381,747.32,745.5181955274111,720.02,717.9401513648635,6,3,1
2026-05-14 14:55:00+00:00,74.75,8.25,43.75,23.5570089134087,1.082689434832483,17.87,298.9605729693768,297.8572736772014,285.32143705954775,270.4329897602381,747.18,745.6692686612828,719.43,718.0755921498759,0,3,1
2026-05-14 15:00:00+00:00,64.5,34.5,47.75,22.99296307207943,1.633077368252844,17.87,298.9605729693768,297.8572736772014,285.32143705954775,270.4329897602381,747.59,745.8438806011661,719.66,718.2196292271599,8,3,1
2026-05-14 15:05:00+00:00,74.75,21.25,49.75,21.60234479366776,1.293652887340425,17.87,298.9605729693768,297.8572736772014,285.32143705954775,270.4329897602381,747.78,746.0198914556056,720.52,718.4287538428727,6,3,1
2026-05-14 15:10:00+00:00,78.0,2.0,53.0,20.134697612377607,0.8788922993764599,17.87,298.9334754267062,297.8572736772014,285.32143705954775,270.4329897602381,748.02,746.201719505096,720.86,718.6497762207933,0,4,0
2026-05-14 15:15:00+00:00,83.0,0.0,45.0,19.2164904913508,1.0113281660996738,17.87,298.9334754267062,297.8572736772014,285.32143705954775,270.4329897602381,748.44,746.4051995500872,721.31,718.8916147461757,0,4,0
2026-05-14 15:20:00+00:00,83.0,2.0,45.0,18.36386959325447,0.79889802969536,17.87,298.9334754267062,297.8572736772014,285.32143705954775,270.4329897602381,748.49,746.5947268637157,721.38,719.1178315874324,0,4,0
2026-05-14 15:25:00+00:00,75.0,0.0,41.0,17.97584109523037,0.610586882676506,17.87,298.9522503879147,297.8572736772014,285.32143705954775,270.4329897602381,748.51,746.7688426033778,721.39,719.3243923522112,0,4,0
2026-05-14 15:30:00+00:00,75.0,2.0,41.0,17.49275268428994,0.6008141088631204,17.87,298.9522503879147,297.8572736772014,285.32143705954775,270.4329897602381,748.65,746.9398569121616,721.12,719.4876294111011,0,4,0
2026-05-14 15:35:00+00:00,79.0,1.0,41.0,16.40208764978368,0.6347128240923244,17.87,298.9522503879147,297.8572736772014,285.32143705954775,270.4329897602381,748.465,747.0785062837833,721.08,719.6323903737283,0,4,0
2026-05-14 15:40:00+00:00,79.0,1.0,41.0,15.960756950795114,0.6644652781421548,17.87,298.9643185344679,297.8572736772014,285.32143705954775,270.4329897602381,748.77,747.232278439803,721.3,719.7839912488439,0,4,0
2026-05-14 15:45:00+00:00,75.0,0.0,41.0,15.550949873162873,0.486486373139242,17.87,298.9643185344679,297.8572736772014,285.32143705954775,270.4329897602381,748.78,747.3729803998209,721.16,719.9090829534945,0,4,0
2026-05-14 15:50:00+00:00,64.75,12.25,34.75,14.615932192208136,0.6529734658296318,17.87,298.9643185344679,297.8572736772014,285.32143705954775,270.4329897602381,748.68,747.4918003634735,721.379,720.0427117759041,0,3,1
2026-05-14 15:55:00+00:00,60.75,8.25,34.75,13.709785532904553,0.5151667540759935,17.87,298.9761986676981,297.9402487974558,285.8689297238792,270.4329897602381,749.27,747.653454875885,721.4,720.1661016144583,0,3,1
2026-05-14 16:00:00+00:00,70.0,0.0,41.0,12.755308049999684,0.5413099032231333,17.87,298.9761986676981,297.9402487974558,285.8689297238792,270.4329897602381,749.42,747.8140498871682,721.78,720.3128196495076,0,4,0
2026-05-14 16:05:00+00:00,60.75,8.25,34.75,11.869007530159449,0.3824844566987516,17.87,298.9761986676981,297.9402487974558,285.8689297238792,270.4329897602381,749.19,747.939136261062,721.63,720.4325633177341,0,3,1
2026-05-14 16:10:00+00:00,58.5,18.5,31.75,11.855491823251098,0.7009272816007809,17.87,298.9690442433619,297.9402487974558,285.8689297238792,270.4329897602381,748.94,748.0301238736928,721.42,720.5223302888492,0,3,1
2026-05-14 16:15:00+00:00,43.5,25.5,31.75,11.712202980643232,0.5489994824909437,17.87,298.9690442433619,297.9402487974558,285.8689297238792,270.4329897602381,749.01,748.1192035215389,721.31,720.5939366262265,0,3,1
2026-05-14 16:20:00+00:00,47.5,29.5,31.75,11.912664002496715,0.7563377145704703,17.87,298.9690442433619,297.9402487974558,285.8689297238792,270.4329897602381,748.669,748.1691850195808,721.43,720.6699423874786,0,3,1
2026-05-14 16:25:00+00:00,42.5,34.5,28.416666666666664,12.779638639457296,0.8761590749983063,17.87,298.9329947666926,297.9402487974558,285.8689297238792,270.4329897602381,748.0,748.1538045632553,720.7,720.6726748977078,0,3,1
2026-05-14 16:30:00+00:00,34.5,52.5,26.25,13.679510348582452,0.7515162557523859,17.87,298.9329947666926,297.9402487974558,285.8689297238792,270.4329897602381,747.63,748.1061859665957,720.21,720.6306135433707,0,3,1
2026-05-14 16:35:00+00:00,34.5,49.5,22.916666666666664,15.05601262206476,0.9394417581552084,17.87,298.9329947666926,297.9402487974558,285.8689297238792,270.4329897602381,748.11,748.1065326969052,720.62,720.6296486757916,0,3,1
2026-05-14 16:40:00+00:00,30.5,41.5,26.25,16.334193304584048,0.5200408388667593,17.87,298.8695406969933,297.9402487974558,285.8689297238792,270.4329897602381,747.85,748.0832115426412,720.53,720.620589705265,0,3,1
2026-05-14 16:45:00+00:00,42.5,50.5,39.16666666666666,19.904374716828524,3.726633091328509,17.87,298.8695406969933,297.9402487974558,285.8689297238792,270.4329897602381,748.06,748.081101402401,720.79,720.63599064115,10,2,2
2026-05-14 16:50:00+00:00,42.5,53.5,45.16666666666666,23.554675201773563,1.8597695584652916,17.87,298.8695406969933,297.9402487974558,285.8689297238792,270.4329897602381,747.73,748.0491830930919,720.83,720.6536278555909,8,2,2
2026-05-14 16:55:00+00:00,47.5,44.5,37.16666666666666,26.6510670902639,0.7346581685891718,17.87,298.7275369972666,297.9306807249598,285.8689297238792,270.4329897602381,747.829,748.0291664482653,720.74,720.661479868719,0,2,2
2026-05-14 17:00:00+00:00,43.5,44.5,33.833333333333336,29.22590545154618,0.6841552316910983,17.87,298.7275369972666,297.9306807249598,285.8689297238792,270.4329897602381,748.159,748.040969498423,721.129,720.7039816988354,0,2,2
2026-05-14 17:05:00+00:00,34.5,40.5,43.5,31.61682678702258,0.4968216485501662,17.87,298.7275369972666,297.9306807249598,285.8689297238792,270.4329897602381,747.45,747.9872449985663,719.76,720.6181651807594,0,2,2
2026-05-14 17:10:00+00:00,43.5,44.5,43.5,33.38022055002785,0.6449345983352304,17.87,298.63298817933327,297.9306807249598,285.8689297238792,270.4329897602381,747.06,747.9029499986966,719.06,720.4765138006904,0,2,2
2026-05-14 17:15:00+00:00,34.5,42.5,43.5,35.11811260904679,0.529108586044956,17.87,298.63298817933327,297.9306807249598,285.8689297238792,270.4329897602381,746.5,747.7754090897242,718.089,720.2594670915367,0,2,2
2026-05-14 17:20:00+00:00,39.5,42.5,43.5,36.45487939668538,0.4905140776503258,17.87,298.63298817933327,297.9306807249598,285.8689297238792,270.4329897602381,746.7,747.677644627022,718.27,720.0786064468516,0,2,2
2026-05-14 17:25:00+00:00,62.75,26.25,37.75,36.27167567773149,0.7043419017348308,17.87,298.57010289030296,297.9306807249598,285.8689297238792,270.4329897602381,746.9,747.6069496609291,718.79,719.9614604062288,0,3,1
2026-05-14 17:30:00+00:00,76.75,18.25,47.083333333333336,35.43880601433311,0.6235223414348426,17.87,298.57010289030296,297.9306807249598,285.8689297238792,270.4329897602381,747.07,747.5581360553902,718.959,719.8703276420262,0,3,1
2026-05-14 17:35:00+00:00,54.75,20.25,41.083333333333336,34.665427041177466,0.6023151884655168,17.87,298.57010289030296,297.9306807249598,285.8689297238792,270.4329897602381,747.67,747.5683055049001,719.77,719.8612069472965,0,3,1
2026-05-14 17:40:00+00:00,54.75,20.25,44.41666666666666,33.94728942324722,0.5503812603988653,17.87,298.5455480820936,297.9306807249598,285.8689297238792,270.4329897602381,747.71,747.5811868226365,720.05,719.8783699520877,0,3,1
2026-05-14 17:45:00+00:00,54.75,20.25,44.41666666666666,32.881836756895304,0.489625093909355,17.87,298.5455480820936,297.9306807249598,285.8689297238792,270.4329897602381,748.15,747.6328971114878,720.71,719.9539726837161,0,3,1
2026-05-14 17:50:00+00:00,50.75,24.25,40.41666666666666,31.89248785242566,0.5003360965418896,17.87,298.5455480820936,297.9306807249598,285.8689297238792,270.4329897602381,747.95,747.6617246468071,721.01,720.0499751670146,0,3,1
2026-05-14 17:55:00+00:00,50.75,24.25,40.41666666666666,30.301254452985397,0.4954336770202197,17.87,298.51856643826693,297.93334611359984,285.8689297238792,270.4329897602381,747.72,747.6670224061883,720.77,720.1154319700133,0,3,1
2026-05-14 18:00:00+00:00,45.5,37.5,40.5,29.99605213470296,0.7923186755380338,17.87,298.51856643826693,297.93334611359984,285.8689297238792,270.4329897602381,746.86,747.5936567328985,718.98,720.0122108818304,0,2,2
2026-05-14 18:05:00+00:00,46.5,33.5,40.5,29.712649982012124,0.5565922844664082,17.87,298.51856643826693,297.93334611359984,285.8689297238792,270.4329897602381,747.33,747.5696879389986,719.06,719.9256462562095,0,2,2
2026-05-14 18:10:00+00:00,54.75,20.25,38.083333333333336,28.81976118450832,0.5919498265368193,17.87,298.4807422166063,297.93334611359984,285.8689297238792,270.4329897602381,747.82,747.5924435809079,719.83,719.9169511420087,0,3,1
2026-05-14 18:15:00+00:00,77.75,11.25,50.75,27.54290145420378,0.6992615784286302,17.87,298.4807422166063,297.93334611359984,285.8689297238792,270.4329897602381,748.25,747.652221437189,720.13,719.9363192200078,0,3,1
2026-05-14 18:20:00+00:00,71.75,11.25,47.41666666666666,26.35724599034956,0.6945270817280025,17.87,298.4807422166063,297.93334611359984,285.8689297238792,270.4329897602381,748.01,747.684746761081,719.48,719.8948356545526,0,3,1
2026-05-14 18:25:00+00:00,67.75,15.25,40.083333333333336,25.256280202484927,0.7130924010515196,17.87,298.47067474236934,297.93334611359984,285.8689297238792,270.4329897602381,747.56,747.6734061464373,719.43,719.852577867775,0,3,1
2026-05-14 18:30:00+00:00,67.75,15.25,39.41666666666666,23.9286005137664,0.7291305105074688,17.87,298.47067474236934,297.93334611359984,285.8689297238792,270.4329897602381,747.78,747.6830964967612,719.76,719.8441616979773,0,3,1
2026-05-14 18:35:00+00:00,63.75,11.25,39.41666666666666,23.017548329317624,0.5365206928310408,17.87,298.47067474236934,297.93334611359984,285.8689297238792,270.4329897602381,747.78,747.6919059061465,719.63,719.8246924527066,0,3,1
2026-05-14 18:40:00+00:00,63.75,8.25,39.41666666666666,21.952617219790348,0.5120606191357534,17.87,298.4599315839721,297.93334611359984,285.8689297238792,270.4329897602381,747.77,747.6990053692241,719.429,719.7887204115515,0,3,1
2026-05-14 18:45:00+00:00,63.75,8.25,39.41666666666666,21.02808232507647,0.4066475363297374,17.87,298.4599315839721,297.93334611359984,285.8689297238792,270.4329897602381,748.03,747.7290957902037,719.68,719.7788367377741,0,3,1
2026-05-14 18:50:00+00:00,91.0,5.0,53.0,19.91605628649155,1.6103435153332857,17.87,298.4599315839721,297.93334611359984,285.8689297238792,270.4329897602381,747.95,747.7491779910943,720.04,719.802578852522,8,4,0
2026-05-14 18:55:00+00:00,87.0,0.0,45.0,19.04588205690414,0.7754168228875745,17.87,298.46107416724743,297.9639510123635,285.8689297238792,270.4329897602381,748.3,747.7992527191766,720.28,719.8459807750199,0,4,0
2026-05-14 19:00:00+00:00,83.0,0.0,45.0,18.46849132548829,0.6384555109893946,17.87,298.46107416724743,297.9639510123635,285.8689297238792,270.4329897602381,748.47,747.860229744706,720.56,719.9108916136545,0,4,0
2026-05-14 19:05:00+00:00,87.0,0.0,45.0,18.19494932047435,0.6823242288095974,17.87,298.46107416724743,297.9639510123635,285.8689297238792,270.4329897602381,748.61,747.9283906770054,720.56,719.9699014669586,0,4,0
2026-05-14 19:10:00+00:00,83.0,0.0,45.0,18.007983163054668,0.7661966704646158,17.87,298.4857492429522,297.9639510123635,285.8689297238792,270.4329897602381,748.4,747.9712642518231,720.19,719.9899104245078,0,4,0
2026-05-14 19:15:00+00:00,87.0,9.0,49.0,18.07432787186185,1.9960638312344967,17.87,298.4857492429522,297.9639510123635,285.8689297238792,270.4329897602381,748.47,748.0166038652937,720.31,720.0190094768253,8,4,0
2026-05-14 19:20:00+00:00,91.0,5.0,51.0,18.37386868461305,1.2339354225154864,17.87,298.4857492429522,297.9639510123635,285.8689297238792,270.4329897602381,748.42,748.0532762411761,720.47,720.0600086152957,6,4,0
2026-05-14 19:25:00+00:00,87.0,9.0,43.66666666666666,18.98215427827863,1.2103494216181585,17.87,298.53113567541106,297.9639510123635,285.8689297238792,270.4329897602381,748.08,748.0557056737965,719.99,720.0536441957233,6,4,0
2026-05-14 19:30:00+00:00,79.0,6.0,41.0,18.192746566734456,1.001670195209238,17.87,298.53113567541106,297.9639510123635,285.8689297238792,270.4329897602381,748.335,748.0810960670877,720.32,720.0778583597485,0,4,0
2026-05-14 19:35:00+00:00,76.0,9.0,41.0,17.459725120300583,0.9346974717864344,17.87,298.53113567541106,297.9639510123635,285.8689297238792,270.4329897602381,748.41,748.1109964246252,720.5,720.1162348724986,0,4,0
2026-05-14 19:40:00+00:00,84.0,17.0,49.0,16.452609445240824,1.519372390479882,17.87,298.5612597049192,297.9639510123635,285.8689297238792,270.4329897602381,748.52,748.1481785678411,720.73,720.1720317022714,8,4,0
2026-05-14 19:45:00+00:00,55.5,44.5,37.75,16.408238217744113,1.3633925421675686,17.87,298.5612597049192,297.9639510123635,285.8689297238792,270.4329897602381,748.33,748.1647077889464,720.47,720.1991197293377,6,3,1
2026-05-14 19:50:00+00:00,47.5,58.5,35.416666666666664,17.11840697107691,2.481320551191869,17.87,298.5612597049192,297.9639510123635,285.8689297238792,270.4329897602381,748.17,748.1651888990422,720.3,720.2082906630343,10,3,1
2026-05-14 19:55:00+00:00,42.5,53.5,36.25,18.12194782993041,3.939513494186835,17.87,298.5415997317447,298.00813728396685,286.3431873817663,270.4329897602381,748.07,748.1565353627656,719.74,720.1657187845766,10,3,1
2026-05-14 20:00:00+00:00,35.5,41.5,26.25,19.053807198865798,0.0138194511945161,17.87,298.5415997317447,298.00813728396685,286.3431873817663,270.4329897602381,748.07,748.1565353627656,719.74,720.1657187845766,0,3,1
2026-05-14 20:05:00+00:00,30.5,41.5,26.25,20.265776385209936,0.0212215635388367,17.87,298.5415997317447,298.00813728396685,286.3431873817663,270.4329897602381,748.07,748.1565353627656,719.74,720.1657187845766,0,3,1
2026-05-14 20:10:00+00:00,30.5,41.5,26.25,21.41771470404331,0.0010678975174349,17.87,298.5100906652225,298.00813728396685,286.3431873817663,270.4329897602381,748.07,748.1565353627656,719.74,720.1657187845766,0,3,1
2026-05-14 20:15:00+00:00,30.5,44.5,32.5,23.519455901729284,0.057479353289172,17.26,298.5100906652225,298.00813728396685,286.3431873817663,270.4329897602381,748.07,748.1565353627656,719.74,720.1657187845766,0,2,2
2026-05-14 20:20:00+00:00,30.5,44.5,32.5,25.471072728151977,0.0248228760201738,17.26,298.5100906652225,298.00813728396685,286.3431873817663,270.4329897602381,748.07,748.1565353627656,719.74,720.1657187845766,0,2,2
2026-05-14 20:25:00+00:00,39.5,40.5,28.5,27.283288352687336,0.0034635567406507,17.26,298.4605369683841,298.00813728396685,286.3431873817663,270.4329897602381,748.07,748.1565353627656,719.74,720.1657187845766,0,2,2
2026-05-14 20:30:00+00:00,34.5,40.5,28.5,28.966060004041594,0.0063486022412042,17.26,298.4605369683841,298.00813728396685,286.3431873817663,270.4329897602381,748.07,748.1565353627656,719.74,720.1657187845766,0,2,2
2026-05-14 20:35:00+00:00,39.5,40.5,22.25,29.933079767323296,0.0107576119784915,17.26,298.4605369683841,298.00813728396685,286.3431873817663,270.4329897602381,748.07,748.1565353627656,719.74,720.1657187845766,0,3,1
2026-05-14 20:40:00+00:00,34.5,40.5,28.5,30.1995544384832,0.0541888780568749,17.26,298.41526088034914,298.00813728396685,286.3431873817663,270.4329897602381,748.07,748.1565353627656,719.74,720.1657187845766,0,2,2
2026-05-14 20:45:00+00:00,34.5,40.5,28.5,30.79867747497519,0.0132472115602926,17.26,298.41526088034914,298.00813728396685,286.3431873817663,270.4329897602381,748.07,748.1565353627656,719.74,720.1657187845766,0,2,2
2026-05-14 20:50:00+00:00,41.5,37.5,22.25,30.541095248238253,0.0001110335932136,17.26,298.41526088034914,298.00813728396685,286.3431873817663,270.4329897602381,748.07,748.1565353627656,719.74,720.1657187845766,0,3,1
2026-05-14 20:55:00+00:00,34.5,40.5,22.25,30.30191175198253,0.0050660602746034,17.26,298.37228261849924,298.01239753087896,286.3431873817663,270.4329897602381,748.07,748.1565353627656,719.74,720.1657187845766,0,3,1
2026-05-14 21:00:00+00:00,37.5,37.5,22.25,29.25946061196938,0.0209251298852705,17.26,298.37228261849924,298.01239753087896,286.3431873817663,270.4329897602381,748.07,748.1565353627656,719.74,720.1657187845766,0,3,1
2026-05-14 21:05:00+00:00,48.5,26.5,22.75,28.23446025238444,0.0400824600302462,17.26,298.37228261849924,298.01239753087896,286.3431873817663,270.4329897602381,748.07,748.1565353627656,719.74,720.1657187845766,0,3,1
2026-05-14 21:10:00+00:00,54.75,20.25,22.75,27.222151893768874,0.0067639894473335,17.26,298.3511660168175,298.01239753087896,286.3431873817663,270.4329897602381,748.07,748.1565353627656,719.74,720.1657187845766,0,3,1
2026-05-14 21:15:00+00:00,48.5,26.5,22.75,26.4017149707769,0.0277776581496203,17.26,298.3511660168175,298.01239753087896,286.3431873817663,270.4329897602381,748.07,748.1565353627656,719.74,720.1657187845766,0,3,1
2026-05-14 21:20:00+00:00,45.5,29.5,22.75,25.6398806851415,0.0324789159480716,17.26,298.3511660168175,298.01239753087896,286.3431873817663,270.4329897602381,748.07,748.1565353627656,719.74,720.1657187845766,0,3,1
2026-05-14 21:25:00+00:00,48.5,26.5,22.75,24.932463134194336,0.0104479691138132,17.26,298.3315145607432,298.01239753087896,286.3431873817663,270.4329897602381,748.07,748.1565353627656,719.74,720.1657187845766,0,3,1
2026-05-14 21:30:00+00:00,54.75,20.25,22.75,23.67884707487065,0.0199849659140983,17.26,298.3315145607432,298.01239753087896,286.3431873817663,270.4329897602381,748.07,748.1565353627656,719.74,720.1657187845766,0,3,1
2026-05-14 21:40:00+00:00,83.0,0.0,38.333333333333336,22.76011511828441,0.0971157356699525,17.26,298.32796778249383,298.01239753087896,286.3431873817663,270.4329897602381,748.07,748.1565353627656,719.74,720.1657187845766,0,4,0
2026-05-14 21:45:00+00:00,64.75,7.25,25.75,21.90700687288291,0.0015410255239486,17.26,298.32796778249383,298.01239753087896,286.3431873817663,270.4329897602381,748.07,748.1565353627656,719.74,720.1657187845766,0,3,1
2026-05-14 21:50:00+00:00,64.75,7.25,25.75,21.660031062333704,0.0044053725966245,17.26,298.32796778249383,298.01239753087896,286.3431873817663,270.4329897602381,748.07,748.1565353627656,719.74,720.1657187845766,0,3,1
2026-05-14 21:55:00+00:00,57.75,14.25,19.25,21.353428037139587,0.0050136363797989,17.26,298.3236070749944,298.03036139170814,286.3431873817663,270.4329897602381,748.07,748.1565353627656,719.74,720.1657187845766,0,3,1
2026-05-14 22:00:00+00:00,60.75,11.25,21.75,21.65107125520381,0.0136719510770069,17.26,298.3236070749944,298.03036139170814,286.3431873817663,270.4329897602381,748.07,748.1565353627656,719.74,720.1657187845766,0,3,1
2026-05-14 22:05:00+00:00,60.75,11.25,19.25,21.759475061374808,0.0168573504807936,17.26,298.3236070749944,298.03036139170814,286.3431873817663,270.4329897602381,748.07,748.1565353627656,719.74,720.1657187845766,0,3,1
2026-05-14 22:10:00+00:00,63.75,11.25,21.75,22.1733646264104,0.0667719997252181,17.26,298.32282461363127,298.03036139170814,286.3431873817663,270.4329897602381,748.07,748.1565353627656,719.74,720.1657187845766,0,3,1
2026-05-14 22:15:00+00:00,54.5,20.5,19.25,22.374765754534145,0.0278309456656767,17.26,298.32282461363127,298.03036139170814,286.3431873817663,270.4329897602381,748.07,748.1565353627656,719.74,720.1657187845766,0,3,1
2026-05-14 22:20:00+00:00,51.5,24.5,22.25,21.612897374805456,0.00037652965171,17.26,298.32282461363127,298.03036139170814,286.3431873817663,270.4329897602381,748.07,748.1565353627656,719.74,720.1657187845766,0,3,1
2026-05-14 22:25:00+00:00,64.75,7.25,25.75,21.048991396769942,0.009147997446184,17.26,298.3139314669375,298.03036139170814,286.3431873817663,270.4329897602381,748.07,748.1565353627656,719.74,720.1657187845766,0,3,1
2026-05-14 22:30:00+00:00,61.75,18.25,19.25,21.021777505183856,0.6464124111182935,17.26,298.3139314669375,298.03036139170814,286.3431873817663,270.4329897602381,748.07,748.1565353627656,719.74,720.1657187845766,0,3,1
2026-05-14 22:35:00+00:00,89.0,0.0,38.333333333333336,21.057290659051997,0.0066986714301663,17.26,298.3139314669375,298.03036139170814,286.3431873817663,270.4329897602381,748.07,748.1565353627656,719.74,720.1657187845766,0,4,0
2026-05-14 22:40:00+00:00,83.0,0.0,38.333333333333336,21.2780302054826,0.0177032928124631,17.26,298.31357406085226,298.03036139170814,286.3431873817663,270.4329897602381,748.07,748.1565353627656,719.74,720.1657187845766,0,4,0
2026-05-14 22:45:00+00:00,91.0,5.0,48.333333333333336,21.958427960377836,2.155333406569263,17.26,298.31357406085226,298.03036139170814,286.3431873817663,270.4329897602381,748.07,748.1565353627656,719.74,720.1657187845766,10,4,0
2026-05-14 22:50:00+00:00,86.0,0.0,38.333333333333336,22.70429830347937,0.083980150146329,17.26,298.31357406085226,298.03036139170814,286.3431873817663,270.4329897602381,748.07,748.1565353627656,719.74,720.1657187845766,0,4,0
2026-05-14 22:55:00+00:00,78.0,2.0,34.333333333333336,23.396892193502225,0.0163755458515283,17.26,298.3234764189566,298.055783083371,286.3431873817663,270.4329897602381,748.07,748.1565353627656,719.74,720.1657187845766,0,4,0
2026-05-14 23:00:00+00:00,78.0,0.0,34.333333333333336,23.6749655451008,0.1685855263157895,17.26,298.3234764189566,298.055783083371,286.3431873817663,270.4329897602381,748.07,748.1565353627656,719.74,720.1657187845766,0,4,0
2026-05-14 23:05:00+00:00,78.0,0.0,34.333333333333336,23.129257178669626,0.1375,17.26,298.3234764189566,298.055783083371,286.3431873817663,270.4329897602381,748.07,748.1565353627656,719.74,720.1657187845766,0,4,0
2026-05-14 23:10:00+00:00,54.5,30.5,19.25,22.19482327730169,0.1026957637997432,17.26,298.326796744506,298.055783083371,286.3431873817663,270.4329897602381,748.07,748.1565353627656,719.74,720.1657187845766,0,3,1
2026-05-14 23:20:00+00:00,40.5,35.5,26.25,21.01261677180613,0.010053619302949,17.26,298.326796744506,298.055783083371,286.3431873817663,270.4329897602381,748.07,748.1565353627656,719.74,720.1657187845766,0,3,1
2026-05-14 23:25:00+00:00,90.0,16.0,42.333333333333336,20.7045208613126,1.785303304290646,17.26,298.32822431318726,298.055783083371,286.3431873817663,270.4329897602381,748.07,748.1565353627656,719.74,720.1657187845766,8,4,0
2026-05-14 23:30:00+00:00,83.0,0.0,38.333333333333336,20.726611985832037,0.7409783480352846,17.26,298.32822431318726,298.055783083371,286.3431873817663,270.4329897602381,748.07,748.1565353627656,719.74,720.1657187845766,0,4,0
2026-05-14 23:35:00+00:00,79.0,0.0,38.333333333333336,20.74712517288579,0.1360323886639676,17.26,298.32822431318726,298.055783083371,286.3431873817663,270.4329897602381,748.07,748.1565353627656,719.74,720.1657187845766,0,4,0
2026-05-14 23:40:00+00:00,75.0,0.0,34.333333333333336,20.766173132292856,0.2705001701258931,17.26,298.3338402847157,298.055783083371,286.3431873817663,270.4329897602381,748.07,748.1565353627656,719.74,720.1657187845766,0,4,0
2026-05-14 23:45:00+00:00,47.5,58.5,36.25,20.729703947240957,4.511461550967322,17.26,298.3338402847157,298.055783083371,286.3431873817663,270.4329897602381,748.07,748.1565353627656,719.74,720.1657187845766,10,3,1
2026-05-14 23:50:00+00:00,42.5,57.5,32.25,20.885431639712408,1.4321726800063022,17.26,298.3338402847157,298.055783083371,286.3431873817663,270.4329897602381,748.07,748.1565353627656,719.74,720.1657187845766,6,3,1
2026-05-14 23:55:00+00:00,30.5,45.5,32.5,21.86694017956864,0.4199300116647225,17.26,298.31258207701427,298.06798462124635,286.8038467001284,271.53228427944447,748.07,748.1565353627656,719.74,720.1657187845766,0,2,2
2026-05-15 08:00:00+00:00,42.5,48.5,36.16666666666666,25.377001566737505,7.524324324324325,17.26,298.31258207701427,298.06798462124635,286.8038467001284,271.53228427944447,748.07,748.1565353627656,719.74,720.1657187845766,10,2,2
2026-05-15 08:05:00+00:00,34.5,58.5,36.5,28.83181720813984,1.1217183770883057,17.26,298.31258207701427,298.06798462124635,286.8038467001284,271.53228427944447,748.07,748.1565353627656,719.74,720.1657187845766,4,2,2
2026-05-15 08:10:00+00:00,42.5,60.5,42.5,32.16444271413124,2.0058921480722427,17.26,298.2130291609221,298.06798462124635,286.8038467001284,271.53228427944447,748.07,748.1565353627656,719.74,720.1657187845766,10,2,2
2026-05-15 08:15:00+00:00,36.25,68.75,42.5,35.49174661816162,3.5423615743829218,17.26,298.2130291609221,298.06798462124635,286.8038467001284,271.53228427944447,748.07,748.1565353627656,719.74,720.1657187845766,10,2,2
2026-05-15 08:20:00+00:00,36.25,68.75,42.5,38.75464460337923,2.1007462686567164,17.26,298.2130291609221,298.06798462124635,286.8038467001284,271.53228427944447,748.07,748.1565353627656,719.74,720.1657187845766,10,2,2
2026-05-15 08:25:00+00:00,36.25,64.75,42.5,42.15647392917227,8.083881578947368,17.26,298.00525378265644,298.06798462124635,286.8038467001284,271.53228427944447,748.07,748.1565353627656,719.74,720.1657187845766,10,2,2
2026-05-15 08:30:00+00:00,36.25,65.75,40.5,45.31875322359612,1.6568406450494193,17.26,298.00525378265644,298.06798462124635,286.8038467001284,271.53228427944447,748.07,748.1565353627656,719.74,720.1657187845766,8,2,2
2026-05-15 08:35:00+00:00,37.25,52.75,32.5,48.25515542556112,1.157052631578947,17.26,298.00525378265644,298.06798462124635,286.8038467001284,271.53228427944447,748.07,748.1565353627656,719.74,720.1657187845766,4,2,2
2026-05-15 08:40:00+00:00,37.25,52.75,28.5,48.83108633385548,1.0811920203595764,17.26,297.7922761660513,298.06798462124635,286.8038467001284,271.53228427944447,748.07,748.1565353627656,719.74,720.1657187845766,0,2,2
2026-05-15 08:45:00+00:00,28.25,48.75,28.5,49.36587932012881,0.50193374810829,17.26,297.7922761660513,298.06798462124635,286.8038467001284,271.53228427944447,748.07,748.1565353627656,719.74,720.1657187845766,0,2,2
2026-05-15 08:50:00+00:00,28.25,48.75,28.5,50.124462578400966,0.1375913028707321,17.26,297.7922761660513,298.06798462124635,286.8038467001284,271.53228427944447,748.07,748.1565353627656,719.74,720.1657187845766,0,2,2
2026-05-15 08:55:00+00:00,28.25,48.75,28.5,50.93698091914975,0.2927321668909825,17.26,297.5945692418648,297.9354405647694,286.8038467001284,271.53228427944447,748.07,748.1565353627656,719.74,720.1657187845766,0,2,2
2026-05-15 09:00:00+00:00,45.25,60.75,28.5,51.69146223555933,1.0641067360885128,17.26,297.5945692418648,297.9354405647694,286.8038467001284,271.53228427944447,748.07,748.1565353627656,719.74,720.1657187845766,0,2,2
2026-05-15 09:05:00+00:00,40.25,60.75,38.5,52.77611234081824,4.1384472802452414,17.26,297.5945692418648,297.9354405647694,286.8038467001284,271.53228427944447,748.07,748.1565353627656,719.74,720.1657187845766,10,2,2
2026-05-15 09:10:00+00:00,33.25,48.75,28.5,53.78328743855866,0.1214316148274392,17.26,297.40960840169527,297.9354405647694,286.8038467001284,271.53228427944447,748.07,748.1565353627656,719.74,720.1657187845766,0,2,2
2026-05-15 09:15:00+00:00,28.25,48.75,28.5,54.80244941529878,0.014910536779324,17.26,297.40960840169527,297.9354405647694,286.8038467001284,271.53228427944447,748.07,748.1565353627656,719.74,720.1657187845766,0,2,2
2026-05-15 09:20:00+00:00,39.25,37.75,28.5,55.93904481063989,0.305129716981132,17.26,297.40960840169527,297.9354405647694,286.8038467001284,271.53228427944447,748.07,748.1565353627656,719.74,720.1657187845766,0,2,2
2026-05-15 09:25:00+00:00,56.25,49.75,36.5,55.92296948540877,1.522074281709881,17.26,297.23691672881387,297.9354405647694,286.8038467001284,271.53228427944447,748.07,748.1565353627656,719.74,720.1657187845766,8,2,2
2026-05-15 09:30:00+00:00,44.25,37.75,28.5,55.90804239769415,0.4229440221147201,17.26,297.23691672881387,297.9354405647694,286.8038467001284,271.53228427944447,748.07,748.1565353627656,719.74,720.1657187845766,0,2,2
2026-05-15 09:35:00+00:00,43.25,41.75,28.5,56.15607016216308,0.8583546519456039,17.26,297.23691672881387,297.9354405647694,286.8038467001284,271.53228427944447,748.07,748.1565353627656,719.74,720.1657187845766,0,2,2
2026-05-15 09:40:00+00:00,51.25,49.75,36.5,56.47861092350232,1.5126858021527425,17.26,297.07787884437624,297.9354405647694,286.8038467001284,271.53228427944447,748.07,748.1565353627656,719.74,720.1657187845766,8,2,2
2026-05-15 09:45:00+00:00,56.25,49.75,38.5,56.66020340338246,3.1957344341245277,17.26,297.07787884437624,297.9354405647694,286.8038467001284,271.53228427944447,748.07,748.1565353627656,719.74,720.1657187845766,10,2,2
2026-05-15 09:50:00+00:00,63.25,46.75,38.5,54.55563685499798,3.12788906009245,17.26,297.07787884437624,297.9354405647694,286.8038467001284,271.53228427944447,748.07,748.1565353627656,719.74,720.1657187845766,10,2,2
2026-05-15 09:55:00+00:00,74.5,32.5,30.83333333333333,51.277159467834885,1.8157234868970944,17.26,296.95488985852387,297.7349459679722,286.8038467001284,271.53228427944447,748.07,748.1565353627656,719.74,720.1657187845766,8,2,2
2026-05-15 10:00:00+00:00,50.25,26.75,22.83333333333333,48.23285903689774,0.2388558509854032,17.26,296.95488985852387,297.7349459679722,286.8038467001284,271.53228427944447,748.07,748.1565353627656,719.74,720.1657187845766,0,2,2
2026-05-15 10:05:00+00:00,38.25,44.75,28.5,45.43490378776651,0.3833446701000874,17.26,296.95488985852387,297.7349459679722,286.8038467001284,271.53228427944447,748.07,748.1565353627656,719.74,720.1657187845766,0,2,2
2026-05-15 10:10:00+00:00,43.25,38.75,28.5,42.83680248500178,0.2118500604594921,17.26,296.86399078047623,297.7349459679722,286.8038467001284,271.53228427944447,748.07,748.1565353627656,719.74,720.1657187845766,0,2,2
2026-05-15 10:15:00+00:00,42.25,42.75,28.5,40.71128094812237,0.710366305798606,17.26,296.86399078047623,297.7349459679722,286.8038467001284,271.53228427944447,748.07,748.1565353627656,719.74,720.1657187845766,0,2,2
2026-05-15 10:20:00+00:00,72.5,10.5,22.83333333333333,37.81203211873092,0.3570365962511157,17.26,296.86399078047623,297.7349459679722,286.8038467001284,271.53228427944447,748.07,748.1565353627656,719.74,720.1657187845766,0,2,2
2026-05-15 10:25:00+00:00,64.5,36.5,25.166666666666664,35.63505676997038,1.4879318504495975,17.26,296.78271889134203,297.7349459679722,286.8038467001284,271.53228427944447,748.07,748.1565353627656,719.74,720.1657187845766,6,2,2
2026-05-15 10:30:00+00:00,50.25,32.75,22.166666666666664,33.61357966040703,0.5350591112922951,17.26,296.78271889134203,297.7349459679722,286.8038467001284,271.53228427944447,748.07,748.1565353627656,719.74,720.1657187845766,0,2,2
2026-05-15 10:35:00+00:00,56.5,26.5,22.166666666666664,31.736493772955345,0.6983790334797758,17.26,296.78271889134203,297.7349459679722,286.8038467001284,271.53228427944447,748.07,748.1565353627656,719.74,720.1657187845766,0,2,2
2026-05-15 10:40:00+00:00,52.5,22.5,19.166666666666664,30.12547285065689,0.1824836331769679,17.26,296.7029262648564,297.7349459679722,286.8038467001284,271.53228427944447,748.07,748.1565353627656,719.74,720.1657187845766,0,2,2
2026-05-15 10:45:00+00:00,69.5,5.5,25.83333333333333,28.59768682093452,0.2761425666274216,17.26,296.7029262648564,297.7349459679722,286.8038467001284,271.53228427944447,748.07,748.1565353627656,719.74,720.1657187845766,0,2,2
2026-05-15 10:50:00+00:00,65.5,19.5,24.166666666666664,27.38812658146777,0.3937050751470268,17.26,296.7029262648564,297.7349459679722,286.8038467001284,271.53228427944447,748.07,748.1565353627656,719.74,720.1657187845766,0,2,2
2026-05-15 10:55:00+00:00,69.5,29.5,19.166666666666664,25.531354414875224,1.0044516897611135,17.26,296.6517511498694,297.5792690617929,286.8038467001284,271.53228427944447,748.07,748.1565353627656,719.74,720.1657187845766,0,2,2
2026-05-15 11:00:00+00:00,62.25,52.75,38.5,24.68490533079748,7.023958385434903,17.26,296.6517511498694,297.5792690617929,286.8038467001284,271.53228427944447,748.07,748.1565353627656,719.74,720.1657187845766,10,2,2
2026-05-15 11:05:00+00:00,47.25,55.75,28.5,23.93057752592864,0.9141892897910566,17.26,296.6517511498694,297.5792690617929,286.8038467001284,271.53228427944447,748.07,748.1565353627656,719.74,720.1657187845766,0,2,2
2026-05-15 11:10:00+00:00,47.25,55.75,36.5,23.362877814641,1.5898717147936383,17.26,296.5795464998813,297.5792690617929,286.8038467001284,271.53228427944447,748.07,748.1565353627656,719.74,720.1657187845766,8,2,2
2026-05-15 11:15:00+00:00,40.25,39.75,28.5,22.83572808273104,0.1203072909117263,17.26,296.5795464998813,297.5792690617929,286.8038467001284,271.53228427944447,748.07,748.1565353627656,719.74,720.1657187845766,0,2,2
2026-05-15 11:20:00+00:00,36.25,62.75,42.5,24.512133509789685,4.130498349972847,17.26,296.5795464998813,297.5792690617929,286.8038467001284,271.53228427944447,748.07,748.1565353627656,719.74,720.1657187845766,10,2,2
2026-05-15 11:25:00+00:00,36.25,63.75,42.5,26.442525185837784,2.353487292561216,17.26,296.4466331817103,297.5792690617929,286.8038467001284,271.53228427944447,748.07,748.1565353627656,719.74,720.1657187845766,10,2,2
2026-05-15 11:30:00+00:00,36.25,63.75,42.5,28.49071657539948,3.1124590048312584,17.26,296.4466331817103,297.5792690617929,286.8038467001284,271.53228427944447,748.07,748.1565353627656,719.74,720.1657187845766,10,2,2
2026-05-15 11:35:00+00:00,36.25,59.75,40.5,30.4059744357073,1.6278903285847233,17.26,296.4466331817103,297.5792690617929,286.8038467001284,271.53228427944447,748.07,748.1565353627656,719.74,720.1657187845766,8,2,2
2026-05-15 11:40:00+00:00,33.25,51.75,32.5,32.18442816313598,0.6484893146647016,17.26,296.28375743791844,297.5792690617929,286.8038467001284,271.53228427944447,748.07,748.1565353627656,719.74,720.1657187845766,0,2,2
2026-05-15 11:45:00+00:00,37.25,50.75,28.5,32.19117723730829,0.594509048372669,17.26,296.28375743791844,297.5792690617929,286.8038467001284,271.53228427944447,748.07,748.1565353627656,719.74,720.1657187845766,0,2,2
2026-05-15 11:50:00+00:00,33.25,46.75,28.5,32.197444234753995,0.2886096751001403,17.26,296.28375743791844,297.5792690617929,286.8038467001284,271.53228427944447,748.07,748.1565353627656,719.74,720.1657187845766,0,2,2
2026-05-15 11:55:00+00:00,32.25,50.75,28.5,32.61581621001316,0.4246556378486883,17.26,296.14727948901674,297.37410823799354,287.1742840844371,271.53228427944447,748.07,748.1565353627656,719.74,720.1657187845766,0,2,2
2026-05-15 12:00:00+00:00,40.25,58.75,34.5,33.00430447275381,1.4413696993828389,17.26,296.14727948901674,297.37410823799354,287.1742840844371,271.53228427944447,748.07,748.1565353627656,719.74,720.1657187845766,6,2,2
2026-05-15 12:05:00+00:00,45.25,58.75,36.5,33.45294003222351,1.7333121928016488,17.26,296.14727948901674,297.37410823799354,287.1742840844371,271.53228427944447,748.07,748.1565353627656,719.74,720.1657187845766,8,2,2
2026-05-15 12:10:00+00:00,40.25,55.75,38.5,34.151454928877975,2.704030301236906,17.26,296.00661771728795,297.37410823799354,287.1742840844371,271.53228427944447,748.07,748.1565353627656,719.74,720.1657187845766,10,2,2
2026-05-15 12:15:00+00:00,32.25,47.75,28.5,34.9675523995747,0.407709414381023,17.26,296.00661771728795,297.37410823799354,287.1742840844371,271.53228427944447,748.07,748.1565353627656,719.74,720.1657187845766,0,2,2
2026-05-15 12:20:00+00:00,45.25,58.75,34.5,34.586713298322444,1.413947938581342,17.26,296.00661771728795,297.37410823799354,287.1742840844371,271.53228427944447,748.07,748.1565353627656,719.74,720.1657187845766,6,2,2
2026-05-15 12:25:00+00:00,46.25,61.75,32.5,35.09830660285931,0.7723150357995227,17.26,295.8635161066254,297.37410823799354,287.1742840844371,271.53228427944447,748.07,748.1565353627656,719.74,720.1657187845766,0,2,2
2026-05-15 12:30:00+00:00,46.25,61.75,42.5,36.062113244891165,2.96757457846952,17.26,295.8635161066254,297.37410823799354,287.1742840844371,271.53228427944447,748.07,748.1565353627656,719.74,720.1657187845766,10,2,2
2026-05-15 12:35:00+00:00,51.25,38.75,28.5,35.30171334859012,0.6019295898909981,17.26,295.8635161066254,297.37410823799354,287.1742840844371,271.53228427944447,748.07,748.1565353627656,719.74,720.1657187845766,0,2,2
2026-05-15 12:40:00+00:00,51.25,36.75,28.5,34.59562773059629,0.4808638677202553,17.26,295.732491915114,297.37410823799354,287.1742840844371,271.53228427944447,748.07,748.1565353627656,719.74,720.1657187845766,0,2,2
2026-05-15 12:45:00+00:00,51.25,47.75,38.5,34.20728341445457,3.25591441567352,17.26,295.732491915114,297.37410823799354,287.1742840844371,271.53228427944447,748.07,748.1565353627656,719.74,720.1657187845766,10,2,2
2026-05-15 12:50:00+00:00,60.5,38.5,32.5,32.14487345608931,1.1591495637212732,17.26,295.732491915114,297.37410823799354,287.1742840844371,271.53228427944447,748.07,748.1565353627656,719.74,720.1657187845766,4,2,2
2026-05-15 12:55:00+00:00,60.5,38.5,31.5,30.200003962285603,1.2337615211553814,17.26,295.6484017410127,297.1271438527214,287.1742840844371,271.53228427944447,748.07,748.1565353627656,719.74,720.1657187845766,6,2,2
2026-05-15 13:00:00+00:00,48.5,26.5,25.5,28.550275648266325,0.5546109820637467,17.26,295.6484017410127,297.1271438527214,287.1742840844371,271.53228427944447,748.07,748.1565353627656,719.74,720.1657187845766,0,2,2
2026-05-15 13:05:00+00:00,78.5,14.5,25.83333333333333,26.9896722376848,0.7914279652026309,17.26,295.6484017410127,297.1271438527214,287.1742840844371,271.53228427944447,748.07,748.1565353627656,719.74,720.1657187845766,0,2,2
2026-05-15 13:10:00+00:00,69.5,10.5,25.83333333333333,25.540540499287665,0.5841581863279167,17.26,295.5974106736479,297.1271438527214,287.1742840844371,271.53228427944447,748.07,748.1565353627656,719.74,720.1657187845766,0,2,2
2026-05-15 13:15:00+00:00,73.5,9.5,25.83333333333333,25.038661938454883,1.0315302155201471,17.26,295.5974106736479,297.1271438527214,287.1742840844371,271.53228427944447,748.07,748.1565353627656,719.74,720.1657187845766,0,2,2
2026-05-15 13:20:00+00:00,79.75,0.0,32.083333333333336,24.57263184625301,0.3860995249035309,17.26,295.5974106736479,297.1271438527214,287.1742840844371,271.53228427944447,748.07,748.1565353627656,719.74,720.1657187845766,0,3,1
2026-05-15 13:25:00+00:00,100.0,5.0,42.083333333333336,27.23206378914042,16.228432865980665,17.26,295.69764606695264,297.1271438527214,287.1742840844371,271.53228427944447,748.07,748.1565353627656,719.74,720.1657187845766,10,3,1
2026-05-15 13:30:00+00:00,98.0,5.0,48.333333333333336,29.93816214217535,18.08012358660799,17.26,295.69764606695264,297.1271438527214,287.1742840844371,271.53228427944447,740.16,747.4295776025142,709.53,719.198835258706,10,4,0
2026-05-15 13:35:00+00:00,94.0,10.0,48.333333333333336,32.45096775570779,10.083676343934258,17.26,295.69764606695264,297.1271438527214,287.1742840844371,271.53228427944447,739.15,746.6768887295584,707.469,718.1324865988237,10,4,0
2026-05-15 13:40:00+00:00,90.0,14.0,59.333333333333336,34.784287253987905,2.5697708519930567,17.26,295.8733146063206,297.1271438527214,287.1742840844371,271.53228427944447,738.66,745.9480806632349,707.46,717.1622605443852,10,4,0
2026-05-15 13:45:00+00:00,84.0,28.0,46.75,35.92656933627544,4.005816083531783,17.26,295.8733146063206,297.1271438527214,287.1742840844371,271.53228427944447,739.64,745.374618784759,708.68,716.391145949441,10,3,1
2026-05-15 13:50:00+00:00,98.0,9.0,59.333333333333336,37.796130375063925,4.878922415292058,17.26,295.8733146063206,297.1271438527214,287.1742840844371,271.53228427944447,740.44,744.9260170770536,709.69,715.7819508631281,10,4,0
2026-05-15 13:55:00+00:00,97.0,15.0,63.333333333333336,39.58364192671256,2.829586116883642,17.26,296.0346041875642,297.0789944115649,287.1742840844371,271.53228427944447,739.15,744.4009246155033,706.96,714.9799553301165,10,4,0
2026-05-15 14:00:00+00:00,92.0,14.0,57.333333333333336,41.24347408181486,1.9024426546711428,17.26,296.0346041875642,297.0789944115649,287.1742840844371,271.53228427944447,739.41,743.947204195912,707.41,714.2917775728331,8,4,0
2026-05-15 14:05:00+00:00,84.0,6.0,53.333333333333336,42.26723881430377,1.1503894261047027,17.26,296.0346041875642,297.0789944115649,287.1742840844371,271.53228427944447,739.7,743.5610947235564,708.4,713.7561614298482,4,4,0
2026-05-15 14:10:00+00:00,89.0,19.0,59.333333333333336,43.86715351920954,2.901876777633781,17.26,296.25361744324016,297.0789944115649,287.1742840844371,271.53228427944447,741.14,743.3409952032331,710.68,713.4765103907712,10,4,0
2026-05-15 14:15:00+00:00,97.0,15.0,63.333333333333336,45.57187058192799,2.573695352533453,17.26,296.25361744324016,297.0789944115649,287.1742840844371,271.53228427944447,741.98,743.2172683665756,711.8,713.3241003552465,10,4,0
2026-05-15 14:20:00+00:00,97.0,15.0,63.333333333333336,47.29723953809044,2.7132834233840675,17.26,296.25361744324016,297.0789944115649,287.1742840844371,271.53228427944447,741.88,743.0956985150688,711.63,713.1700912320423,10,4,0
2026-05-15 14:25:00+00:00,81.0,6.0,49.333333333333336,48.89936785452701,1.054357182495502,17.26,296.5298794938547,297.0789944115649,287.1742840844371,271.53228427944447,741.1,742.9142713773352,710.39,712.917355665493,0,4,0
2026-05-15 14:30:00+00:00,89.0,19.0,55.333333333333336,50.570087463418886,1.4069037830448186,17.26,296.5298794938547,297.0789944115649,287.1742840844371,271.53228427944447,742.09,742.8393376157593,711.64,712.8012324231754,6,4,0
2026-05-15 14:35:00+00:00,97.0,5.0,63.333333333333336,52.32028876325094,3.1077637465315138,17.26,296.5298794938547,297.0789944115649,287.1742840844371,271.53228427944447,741.885,742.7525796506902,711.22,712.6574840210685,10,4,0
2026-05-15 14:40:00+00:00,97.0,8.0,63.333333333333336,54.14448450067933,2.682810197518856,17.26,296.8520495398679,297.0789944115649,287.1742840844371,271.53228427944447,742.06,742.6896178642638,711.799,712.5794400191531,10,4,0
2026-05-15 14:45:00+00:00,89.0,14.0,59.333333333333336,55.83838054257713,2.333710321064629,17.26,296.8520495398679,297.0789944115649,287.1742840844371,271.53228427944447,741.105,742.5455616947853,710.38,712.3794909265029,10,4,0
2026-05-15 14:50:00+00:00,89.0,12.0,55.333333333333336,57.439542669317376,1.453665228383886,17.26,296.8520495398679,297.0789944115649,287.1742840844371,271.53228427944447,741.47,742.4477833588958,710.83,712.2386281150026,6,4,0
2026-05-15 14:55:00+00:00,89.0,9.0,59.333333333333336,59.01775675324086,2.186046270720787,17.26,297.20890867260715,297.2935176468772,287.1742840844371,271.53228427944447,740.97,742.313439417178,710.17,712.0505710136388,10,4,0
2026-05-15 15:00:00+00:00,89.0,9.0,57.333333333333336,60.624856775611406,1.721229284665408,17.26,297.20890867260715,297.2935176468772,287.1742840844371,271.53228427944447,740.78,742.1740358337981,710.19,711.881428194217,8,4,0
2026-05-15 15:05:00+00:00,89.0,9.0,55.333333333333336,62.12339504983119,1.4350091226836077,17.26,297.20890867260715,297.2935176468772,287.1742840844371,271.53228427944447,741.32,742.0963962125438,711.08,711.8085710856519,6,4,0
2026-05-15 15:10:00+00:00,93.0,9.0,59.333333333333336,63.68874740256455,2.162815934702964,17.26,297.6040078841883,297.2935176468772,287.1742840844371,271.53228427944447,740.9,741.9876329204944,710.3,711.6714282596836,10,4,0
2026-05-15 15:15:00+00:00,93.0,9.0,57.333333333333336,65.21337388823761,1.7979042779935202,17.26,297.6040078841883,297.2935176468772,287.1742840844371,271.53228427944447,741.25,741.9205753822677,710.9,711.6012984178942,8,4,0
2026-05-15 15:20:00+00:00,81.0,1.0,49.333333333333336,66.68035248046917,1.064767744581776,17.26,297.6040078841883,297.2935176468772,287.1742840844371,271.53228427944447,741.26,741.8605230747888,711.18,711.562998561722,0,4,0
2026-05-15 15:25:00+00:00,81.0,6.0,49.333333333333336,68.0425468875413,0.740987917976706,17.26,298.0143253492621,297.2935176468772,287.1742840844371,271.53228427944447,741.23,741.8032027952626,711.41,711.5490896015655,0,4,0
2026-05-15 15:30:00+00:00,81.0,6.0,52.66666666666666,69.33369539639769,0.8911252182091758,17.26,298.0143253492621,297.2935176468772,287.1742840844371,271.53228427944447,741.36,741.7629116320569,711.7,711.5628087286959,0,4,0
2026-05-15 15:35:00+00:00,77.0,2.0,49.333333333333336,70.27903785586788,0.6066919908021847,17.26,298.0143253492621,297.2935176468772,287.1742840844371,271.53228427944447,741.07,741.6999196655063,711.42,711.5498261169963,0,4,0
2026-05-15 15:40:00+00:00,70.0,17.0,49.333333333333336,69.40162688880277,0.6764785412738195,17.26,298.3626821356928,297.2935176468772,287.1742840844371,271.53228427944447,740.15,741.559017877733,710.25,711.4316601063603,0,4,0
2026-05-15 15:45:00+00:00,63.0,20.0,49.333333333333336,67.973935117237,0.4910442924598557,17.26,298.3626821356928,297.2935176468772,287.1742840844371,271.53228427944447,739.88,741.4063798888482,709.88,711.2906000966912,0,4,0
2026-05-15 15:50:00+00:00,63.0,16.0,49.333333333333336,65.79995267253578,0.5329336018205449,17.26,298.3626821356928,297.2935176468772,287.1742840844371,271.53228427944447,739.54,741.236708989862,709.28,711.1078182697192,0,4,0
2026-05-15 15:55:00+00:00,63.0,16.0,49.333333333333336,63.39054433309562,0.4336916254083114,17.26,298.6200519415389,297.6647887698884,287.6020572575964,271.53228427944447,740.28,741.149735445329,710.17,711.0225620633811,0,4,0
2026-05-15 16:00:00+00:00,63.0,11.0,49.333333333333336,61.29966948896397,0.3033966890955573,17.26,298.6200519415389,297.6647887698884,287.6020572575964,271.53228427944447,739.97,741.0424867684809,710.18,710.9459655121647,0,4,0
2026-05-15 16:05:00+00:00,63.0,16.0,49.333333333333336,59.00061118289679,0.5525638219485014,17.26,298.6200519415389,297.6647887698884,287.6020572575964,271.53228427944447,740.37,740.9813516077099,710.59,710.9136050110587,0,4,0
2026-05-15 16:10:00+00:00,63.0,11.0,49.333333333333336,56.92762385113888,0.454985468371994,17.26,298.85004721958086,297.6647887698884,287.6020572575964,271.53228427944447,740.44,740.9321378251908,710.35,710.8623681918716,0,4,0
2026-05-15 16:15:00+00:00,63.0,16.0,49.333333333333336,54.62203742673004,0.3665852222952255,17.26,298.85004721958086,297.6647887698884,287.6020572575964,271.53228427944447,740.28,740.8728525683553,709.94,710.7785165380651,0,4,0
2026-05-15 16:20:00+00:00,70.0,4.0,56.0,53.41740005886749,0.5616192732553013,17.26,298.85004721958086,297.6647887698884,287.6020572575964,271.53228427944447,741.14,740.8971386985048,711.16,710.8131968527864,0,4,0
2026-05-15 16:25:00+00:00,78.0,8.0,56.0,52.44182505246775,0.6561810855776847,17.26,299.0839065632553,297.6647887698884,287.6020572575964,271.53228427944447,741.28,740.931944271368,711.37,710.8638153207149,0,4,0
2026-05-15 16:30:00+00:00,74.0,8.0,56.0,51.86159993316536,0.7914034649746037,17.26,299.0839065632553,297.6647887698884,287.6020572575964,271.53228427944447,741.41,740.9754038830619,711.68,710.9380139279226,0,4,0
2026-05-15 16:35:00+00:00,70.0,4.0,56.0,51.32281946524171,0.2585320638063439,17.26,299.0839065632553,297.6647887698884,287.6020572575964,271.53228427944447,741.3,741.0049126209653,711.41,710.980921752657,0,4,0
2026-05-15 16:40:00+00:00,70.0,9.0,56.0,50.40447751702602,0.3375891947929725,17.26,299.3360514211412,297.6647887698884,287.6020572575964,271.53228427944447,741.53,741.0526478372412,711.73,711.0490197751427,0,4,0
2026-05-15 16:45:00+00:00,74.0,8.0,56.0,50.07212535189789,0.8279011351303386,17.26,299.3360514211412,297.6647887698884,287.6020572575964,271.53228427944447,741.38,741.0824071247648,711.46,711.0863816137661,0,4,0
2026-05-15 16:50:00+00:00,74.0,23.0,53.333333333333336,49.905677746331214,1.124115352684096,17.26,299.3360514211412,297.6647887698884,287.6020572575964,271.53228427944447,740.36,741.0167337497862,710.31,711.0158014670601,4,4,0
2026-05-15 16:55:00+00:00,82.0,31.0,60.66666666666666,49.97985639766439,1.6028157058490649,17.26,299.5848194737647,298.02367160898945,287.6020572575964,271.53228427944447,740.96,741.0115761361693,711.18,711.0307286064183,8,4,0
2026-05-15 17:00:00+00:00,70.0,4.0,56.0,50.01141805791909,0.3969463966231085,17.26,299.5848194737647,298.02367160898945,287.6020572575964,271.53228427944447,741.13,741.0223419419721,711.27,711.0524805512894,0,4,0
2026-05-15 17:05:00+00:00,78.0,8.0,56.0,50.32035861809037,0.6630124720179086,17.26,299.5848194737647,298.02367160898945,287.6020572575964,271.53228427944447,741.56,741.0712199472473,711.77,711.1177095920813,0,4,0
2026-05-15 17:10:00+00:00,74.0,4.0,56.0,50.83181163270123,0.5857372615397589,17.26,299.8310858852406,298.02367160898945,287.6020572575964,271.53228427944447,741.64,741.1229272247703,712.1,711.2070087200739,0,4,0
2026-05-15 17:15:00+00:00,70.0,4.0,56.0,51.30673228912559,0.5190130868388201,17.26,299.8310858852406,298.02367160898945,287.6020572575964,271.53228427944447,741.77,741.1817520225184,712.2,711.2972806546126,0,4,0
2026-05-15 17:20:00+00:00,82.0,16.0,62.0,52.101309554559286,1.3835253178487952,17.26,299.8310858852406,298.02367160898945,287.6020572575964,271.53228427944447,742.5,741.3015927477439,713.13,711.4638915041933,6,4,0
2026-05-15 17:25:00+00:00,97.0,5.0,68.0,53.02863913548372,1.5146581545224922,17.26,300.10507807749144,298.02367160898945,287.6020572575964,271.53228427944447,742.52,741.4123570434036,713.47,711.6462650038121,8,4,0
2026-05-15 17:30:00+00:00,85.0,2.0,60.0,53.88973088919925,0.6652863727548333,17.26,300.10507807749144,298.02367160898945,287.6020572575964,271.53228427944447,742.81,741.5394154940033,714.05,711.8647863671019,0,4,0
2026-05-15 17:35:00+00:00,66.0,13.0,56.0,53.96421698658662,0.5045094745835901,17.26,300.10507807749144,298.02367160898945,287.6020572575964,271.53228427944447,742.63,741.6385595400029,714.0,712.0588966973654,0,4,0
2026-05-15 17:40:00+00:00,67.0,24.0,56.0,53.30590707823068,0.7632367237967399,17.26,300.3475709795377,298.02367160898945,287.6020572575964,271.53228427944447,742.44,741.711417763639,713.65,712.2035424521504,0,4,0
2026-05-15 17:45:00+00:00,67.0,20.0,56.0,52.20254854383535,0.9592113811875032,17.26,300.3475709795377,298.02367160898945,287.6020572575964,271.53228427944447,742.33,741.7676525123991,713.46,712.3177658655912,0,4,0
2026-05-15 17:50:00+00:00,63.0,11.0,56.0,51.178001333325405,0.4899793612861177,17.26,300.3475709795377,298.02367160898945,287.6020572575964,271.53228427944447,742.675,741.8501386476355,713.989,712.4696962414466,0,4,0
2026-05-15 17:55:00+00:00,75.0,28.0,62.0,49.24765870161414,1.4626383105534757,17.26,300.52938270867065,298.4123150990813,287.6020572575964,271.53228427944447,742.96,741.9510351342141,714.26,712.6324511285878,6,4,0
2026-05-15 18:00:00+00:00,67.0,20.0,56.0,47.45519768645369,0.6522800083558097,17.26,300.52938270867065,298.4123150990813,287.6020572575964,271.53228427944447,743.1,742.0554864856491,714.57,712.8085919350799,0,4,0
2026-05-15 18:05:00+00:00,60.75,21.25,56.0,44.90837214509553,1.0737330127911844,17.26,300.52938270867065,298.4123150990813,287.6020572575964,271.53228427944447,743.04,742.1449877142264,714.63,712.9741744864363,0,4,0
2026-05-15 18:10:00+00:00,60.75,25.25,53.0,42.326302041603,1.076745711318255,17.26,300.67398428060966,298.4123150990813,287.6020572575964,271.53228427944447,743.0,742.2227161038422,714.67,713.1283404422147,0,4,0
2026-05-15 18:15:00+00:00,58.75,39.25,52.333333333333336,40.65563684886502,1.4403889260759577,17.26,300.67398428060966,298.4123150990813,287.6020572575964,271.53228427944447,741.78,742.1824691853111,712.96,713.1130367656498,6,4,0
2026-05-15 18:20:00+00:00,48.75,40.25,53.0,39.10430488417976,0.7596622253099439,17.26,300.67398428060966,298.4123150990813,287.6020572575964,271.53228427944447,742.25,742.1886083502828,713.57,713.1545788778634,0,4,0
2026-05-15 18:25:00+00:00,48.75,36.25,46.333333333333336,37.85284045001413,0.648311495427063,17.26,300.75407661873606,298.4123150990813,287.6020572575964,271.53228427944447,741.73,742.1469166820754,712.65,713.1087080707849,0,4,0
2026-05-15 18:30:00+00:00,56.75,44.25,50.333333333333336,37.8596538151992,1.1633400537330751,17.26,300.75407661873606,298.4123150990813,287.6020572575964,271.53228427944447,740.82,742.0262878927958,711.61,712.9724618825318,4,4,0
2026-05-15 18:35:00+00:00,48.75,39.25,46.333333333333336,37.86598051144247,0.8210792974292347,17.26,300.75407661873606,298.4123150990813,287.6020572575964,271.53228427944447,741.48,741.9766253570871,712.59,712.9376926204834,0,4,0
2026-05-15 18:40:00+00:00,57.75,32.25,46.333333333333336,37.677050758634,0.7450909703565082,17.26,300.78393328976006,298.4123150990813,287.6020572575964,271.53228427944447,741.38,741.922386688261,712.421,712.8907205640759,0,4,0
2026-05-15 18:45:00+00:00,57.75,32.25,46.333333333333336,36.64004418441038,0.8484049882098653,17.26,300.78393328976006,298.4123150990813,287.6020572575964,271.53228427944447,741.26,741.8621697166009,712.37,712.8433823309781,0,4,0
2026-05-15 18:50:00+00:00,52.75,27.25,49.66666666666666,34.936796787463,1.0923607314636574,17.26,300.78393328976006,298.4123150990813,287.6020572575964,271.53228427944447,741.67,741.8446997423645,713.04,712.8612566645255,0,4,0
2026-05-15 18:55:00+00:00,52.75,27.25,46.333333333333336,33.2893735323614,1.0666865542838726,17.26,300.8435757179637,298.7136955446194,287.6020572575964,271.53228427944447,741.62,741.8242724930586,712.77,712.8529606041141,0,4,0
2026-05-15 19:00:00+00:00,48.75,26.25,46.333333333333336,32.38865936909655,0.4626105191876055,17.26,300.8435757179637,298.7136955446194,287.6020572575964,271.53228427944447,740.879,741.7383386300532,711.92,712.7681460037401,0,4,0
2026-05-15 19:05:00+00:00,48.75,38.25,46.333333333333336,31.828138788729525,1.0440706997149434,17.26,300.8435757179637,298.7136955446194,287.6020572575964,271.53228427944447,740.72,741.6457623909575,711.39,712.6428600034001,0,4,0
2026-05-15 19:10:00+00:00,48.75,41.25,50.333333333333336,31.857514808117287,1.1078144420833165,17.26,300.87972792542155,298.7136955446194,287.6020572575964,271.53228427944447,740.57,741.5479658099614,711.12,712.5044181849091,4,4,0
2026-05-15 19:15:00+00:00,60.5,55.5,53.083333333333336,32.429318726567786,1.8863792795778416,17.26,300.87972792542155,298.7136955446194,287.6020572575964,271.53228427944447,740.44,741.4472416454195,710.66,712.3367438044628,8,3,1
2026-05-15 19:20:00+00:00,42.5,66.5,49.25,33.75257705850135,1.5506926350695691,17.26,300.87972792542155,298.7136955446194,287.6020572575964,271.53228427944447,740.2,741.3338560412905,710.34,712.1552216404207,8,3,1
2026-05-15 19:25:00+00:00,34.5,52.5,41.25,34.981316938153945,0.8442536748275983,17.26,300.8406617503832,298.7136955446194,287.6020572575964,271.53228427944447,740.16,741.2271418557186,710.4,711.995656036746,0,3,1
2026-05-15 19:30:00+00:00,43.5,46.5,37.25,36.12228968354564,1.0553376332762934,17.26,300.8406617503832,298.7136955446194,287.6020572575964,271.53228427944447,740.36,741.148310777926,710.91,711.8969600334054,0,3,1
2026-05-15 19:35:00+00:00,38.5,46.5,37.25,37.32018413638879,0.8870139804314358,17.26,300.8406617503832,298.7136955446194,287.6020572575964,271.53228427944447,740.66,741.1039188890236,711.32,711.8445091212777,0,3,1
2026-05-15 19:40:00+00:00,46.5,54.5,41.25,38.72054189163244,1.1694963261056548,17.26,300.7732152276211,298.7136955446194,287.6020572575964,271.53228427944447,740.05,741.0081080809306,710.48,711.7204628375252,4,3,1
2026-05-15 19:45:00+00:00,51.5,54.5,30.25,40.010733562112726,1.5594811462844265,17.26,300.7732152276211,298.7136955446194,287.6020572575964,271.53228427944447,740.25,740.9391891644824,710.61,711.6195116704776,8,3,1
2026-05-15 19:50:00+00:00,61.5,54.5,33.75,41.47575274559382,2.1870269931961137,17.26,300.7732152276211,298.7136955446194,287.6020572575964,271.53228427944447,738.94,740.757444694984,709.0,711.3813742458887,10,3,1
2026-05-15 19:55:00+00:00,54.5,51.5,32.25,40.963899533946766,4.503571006504293,17.26,300.712922934201,298.9062004951085,288.12913344357304,271.53228427944447,739.08,740.6049497227127,708.93,711.158522041717,10,3,1
2026-05-15 20:00:00+00:00,44.5,42.5,23.75,41.31220906064961,0.203925696117567,17.26,300.712922934201,298.9062004951085,288.12913344357304,271.53228427944447,739.08,740.6049497227127,708.93,711.158522041717,0,3,1
2026-05-15 20:05:00+00:00,34.5,42.5,22.25,41.63563933544511,0.0202310032260663,17.26,300.712922934201,298.9062004951085,288.12913344357304,271.53228427944447,739.08,740.6049497227127,708.93,711.158522041717,0,3,1
2026-05-15 20:10:00+00:00,34.5,42.5,22.25,42.23598425308325,0.0249455861152726,17.26,300.64402084927366,298.9062004951085,288.12913344357304,271.53228427944447,739.08,740.6049497227127,708.93,711.158522041717,0,3,1
2026-05-15 20:15:00+00:00,37.5,45.5,22.25,42.73663722788535,0.1235341293025982,18.43,300.64402084927366,298.9062004951085,288.12913344357304,271.53228427944447,739.08,740.6049497227127,708.93,711.158522041717,0,3,1
2026-05-15 20:20:00+00:00,37.5,45.5,22.25,43.20152927591586,0.0211635891552935,18.43,300.64402084927366,298.9062004951085,288.12913344357304,271.53228427944447,739.08,740.6049497227127,708.93,711.158522041717,0,3,1
2026-05-15 20:25:00+00:00,48.5,34.5,22.75,43.05898194033945,0.0496175262374953,18.43,300.58092804479423,298.9062004951085,288.12913344357304,271.53228427944447,739.08,740.6049497227127,708.93,711.158522041717,0,3,1
2026-05-15 20:30:00+00:00,48.5,34.5,22.75,42.92661655730421,0.0007572631985753,18.43,300.58092804479423,298.9062004951085,288.12913344357304,271.53228427944447,739.08,740.6049497227127,708.93,711.158522041717,0,3,1
2026-05-15 20:35:00+00:00,43.5,34.5,22.75,42.430306644327366,0.0148824797290362,18.43,300.58092804479423,298.9062004951085,288.12913344357304,271.53228427944447,739.08,740.6049497227127,708.93,711.158522041717,0,3,1
2026-05-15 20:40:00+00:00,43.5,34.5,22.75,42.10221690399419,0.0005596560726881,18.43,300.5262982225402,298.9062004951085,288.12913344357304,271.53228427944447,739.08,740.6049497227127,708.93,711.158522041717,0,3,1
2026-05-15 20:45:00+00:00,43.5,34.5,22.75,41.79756214511338,0.0018832724212409,18.43,300.5262982225402,298.9062004951085,288.12913344357304,271.53228427944447,739.08,740.6049497227127,708.93,711.158522041717,0,3,1
2026-05-15 20:50:00+00:00,43.5,34.5,22.75,41.56395213032784,0.003084525058742,18.43,300.5262982225402,298.9062004951085,288.12913344357304,271.53228427944447,739.08,740.6049497227127,708.93,711.158522041717,0,3,1
2026-05-15 20:55:00+00:00,51.5,31.5,22.75,40.89551886178436,0.0022916696774939,18.43,300.4761802023093,299.00768226828046,288.12913344357304,271.53228427944447,739.08,740.6049497227127,708.93,711.158522041717,0,3,1
2026-05-15 21:00:00+00:00,46.5,31.5,22.75,40.27483082670828,0.0074186539732453,18.43,300.4761802023093,299.00768226828046,288.12913344357304,271.53228427944447,739.08,740.6049497227127,708.93,711.158522041717,0,3,1
2026-05-15 21:05:00+00:00,43.5,34.5,22.75,39.69847765128048,0.0052232609219725,18.43,300.4761802023093,299.00768226828046,288.12913344357304,271.53228427944447,739.08,740.6049497227127,708.93,711.158522041717,0,3,1
2026-05-15 21:10:00+00:00,39.5,38.5,22.25,39.329847749882056,0.0035571375288369,18.43,300.4299365475539,299.00768226828046,288.12913344357304,271.53228427944447,739.08,740.6049497227127,708.93,711.158522041717,0,3,1
2026-05-15 21:15:00+00:00,51.5,31.5,22.75,38.346345878530144,0.0050160633457142,18.43,300.4299365475539,299.00768226828046,288.12913344357304,271.53228427944447,739.08,740.6049497227127,708.93,711.158522041717,0,3,1
2026-05-15 21:20:00+00:00,39.5,38.5,22.25,37.43309414084623,0.0065529400983443,18.43,300.4299365475539,299.00768226828046,288.12913344357304,271.53228427944447,739.08,740.6049497227127,708.93,711.158522041717,0,3,1
2026-05-15 21:25:00+00:00,39.5,42.5,22.25,37.22291651271362,0.0162494005556502,18.43,300.3813059523217,299.00768226828046,288.12913344357304,271.53228427944447,739.08,740.6049497227127,708.93,711.158522041717,0,3,1
2026-05-15 21:30:00+00:00,44.5,38.5,22.25,37.02775157230476,0.0009323921127735,18.43,300.3813059523217,299.00768226828046,288.12913344357304,271.53228427944447,739.08,740.6049497227127,708.93,711.158522041717,0,3,1
2026-05-15 21:35:00+00:00,39.5,42.5,22.25,37.16753302033796,0.0011555482006259,18.43,300.3813059523217,299.00768226828046,288.12913344357304,271.53228427944447,739.08,740.6049497227127,708.93,711.158522041717,0,3,1
2026-05-15 21:40:00+00:00,44.5,38.5,22.25,37.29733007922592,0.0030060759170808,18.43,300.33618722938337,299.00768226828046,288.12913344357304,271.53228427944447,739.08,740.6049497227127,708.93,711.158522041717,0,3,1
2026-05-15 21:45:00+00:00,44.5,38.5,22.25,37.41785591962189,0.0360283717020971,18.43,300.33618722938337,299.00768226828046,288.12913344357304,271.53228427944447,739.08,740.6049497227127,708.93,711.158522041717,0,3,1
2026-05-15 21:50:00+00:00,51.5,31.5,22.75,36.36221735100937,0.014692878813288,18.43,300.33618722938337,299.00768226828046,288.12913344357304,271.53228427944447,739.08,740.6049497227127,708.93,711.158522041717,0,3,1
2026-05-15 21:55:00+00:00,56.75,23.25,22.75,34.655235718380574,0.0078447430086515,18.43,300.30335202671216,299.0974384257095,288.12913344357304,271.53228427944447,739.08,740.6049497227127,708.93,711.158522041717,0,3,1
2026-05-15 22:00:00+00:00,56.75,23.25,22.75,33.070181345225265,0.001323752308293,18.43,300.30335202671216,299.0974384257095,288.12913344357304,271.53228427944447,739.08,740.6049497227127,708.93,711.158522041717,0,3,1
2026-05-15 22:05:00+00:00,52.75,23.25,22.75,31.598345141581053,0.0007864614240671,18.43,300.30335202671216,299.0974384257095,288.12913344357304,271.53228427944447,739.08,740.6049497227127,708.93,711.158522041717,0,3,1
2026-05-15 22:10:00+00:00,42.5,33.5,22.25,30.597613443336325,0.0032831868800649,18.43,300.27532002428376,299.0974384257095,288.12913344357304,271.53228427944447,739.08,740.6049497227127,708.93,711.158522041717,0,3,1
2026-05-15 22:15:00+00:00,39.5,36.5,22.25,29.668362580680512,0.0002878277638661,18.43,300.27532002428376,299.0974384257095,288.12913344357304,271.53228427944447,739.08,740.6049497227127,708.93,711.158522041717,0,3,1
2026-05-15 22:20:00+00:00,39.5,36.5,22.25,28.871341542060406,0.0048171490506202,18.43,300.27532002428376,299.0974384257095,288.12913344357304,271.53228427944447,739.08,740.6049497227127,708.93,711.158522041717,0,3,1
2026-05-15 22:25:00+00:00,44.5,36.5,22.25,28.13125057762745,0.0175367597463914,18.43,300.2462000220761,299.0974384257095,288.12913344357304,271.53228427944447,739.08,740.6049497227127,708.93,711.158522041717,0,3,1
2026-05-15 22:30:00+00:00,42.5,33.5,22.25,27.22991865120637,0.1308861140364074,18.43,300.2462000220761,299.0974384257095,288.12913344357304,271.53228427944447,739.08,740.6049497227127,708.93,711.158522041717,0,3,1
2026-05-15 22:35:00+00:00,49.5,36.5,23.75,27.359361367141734,0.3769983297542352,18.43,300.2462000220761,299.0974384257095,288.12913344357304,271.53228427944447,739.08,740.6049497227127,708.93,711.158522041717,0,3,1
2026-05-15 22:40:00+00:00,43.5,44.5,22.25,27.77361570213014,0.6175569921742089,18.43,300.2122272927965,299.0974384257095,288.12913344357304,271.53228427944447,739.08,740.6049497227127,708.93,711.158522041717,0,3,1
2026-05-15 22:45:00+00:00,44.5,36.5,22.25,28.158280441762237,0.0496016834510747,18.43,300.2122272927965,299.0974384257095,288.12913344357304,271.53228427944447,739.08,740.6049497227127,708.93,711.158522041717,0,3,1
2026-05-15 22:50:00+00:00,51.5,52.5,30.25,28.979512410868928,1.594700686947988,18.43,300.2122272927965,299.0974384257095,288.12913344357304,271.53228427944447,739.08,740.6049497227127,708.93,711.158522041717,8,3,1
2026-05-15 22:55:00+00:00,39.5,36.5,22.25,29.742084953610863,0.6123885499765368,18.43,300.17429753890593,299.1706258415541,288.12913344357304,271.53228427944447,739.08,740.6049497227127,708.93,711.158522041717,0,3,1
2026-05-15 23:00:00+00:00,39.5,36.5,22.25,30.680162351376683,0.3432975245212518,18.43,300.17429753890593,299.1706258415541,288.12913344357304,271.53228427944447,739.08,740.6049497227127,708.93,711.158522041717,0,3,1
2026-05-15 23:05:00+00:00,40.5,59.5,36.25,31.551234220730656,4.480164158686731,18.43,300.17429753890593,299.1706258415541,288.12913344357304,271.53228427944447,739.08,740.6049497227127,708.93,711.158522041717,10,3,1
2026-05-15 23:10:00+00:00,60.5,44.5,32.75,31.81834084669108,4.63102847181871,18.43,300.13799776264176,299.1706258415541,288.12913344357304,271.53228427944447,739.08,740.6049497227127,708.93,711.158522041717,10,3,1
2026-05-15 23:15:00+00:00,51.5,29.5,22.75,30.86493308094993,0.4975891996142719,18.43,300.13799776264176,299.1706258415541,288.12913344357304,271.53228427944447,739.08,740.6049497227127,708.93,711.158522041717,0,3,1
2026-05-15 23:20:00+00:00,50.5,29.5,22.75,29.979625869904574,0.4762826718296225,18.43,300.13799776264176,299.1706258415541,288.12913344357304,271.53228427944447,739.08,740.6049497227127,708.93,711.158522041717,0,3,1
2026-05-15 23:25:00+00:00,56.75,23.25,22.75,29.024120647016083,0.0117808757117612,18.43,300.11249796603795,299.1706258415541,288.12913344357304,271.53228427944447,739.08,740.6049497227127,708.93,711.158522041717,0,3,1
2026-05-15 23:30:00+00:00,50.5,33.5,22.75,28.136865797191053,0.8451548451548451,18.43,300.11249796603795,299.1706258415541,288.12913344357304,271.53228427944447,739.08,740.6049497227127,708.93,711.158522041717,0,3,1
2026-05-15 23:35:00+00:00,43.5,40.5,22.25,27.7190351523937,1.0507462686567164,18.43,300.11249796603795,299.1706258415541,288.12913344357304,271.53228427944447,739.08,740.6049497227127,708.93,711.158522041717,0,3,1
2026-05-15 23:40:00+00:00,51.5,52.5,32.25,28.04167291610444,2.374181478016838,18.43,300.0856799691254,299.1706258415541,288.12913344357304,271.53228427944447,739.08,740.6049497227127,708.93,711.158522041717,10,3,1
2026-05-15 23:55:00+00:00,44.5,36.5,22.25,28.34126512526441,0.011522949875168,18.43,300.0587999719322,299.2273871286856,288.5932850732368,272.6275868567212,739.08,740.6049497227127,708.93,711.158522041717,0,3,1
